"Screen_Tech","Mean(Avg_mode_power)"
"LCD",89.29362807017547
"LCD (LED)",93.44121574344018
"OLED",95.47692307692306
