"Screen_Tech","Mean(Avg_mode_power)"
"LCD",88.54050032345008
"LCD (LED)",113.01643857209076
"OLED",129.02068592057768
